{
  "IcoMoonType": "selection",
  "icons": [
    {
      "icon": {
        "paths": [
          "M534 298v224l192 114-32 54-224-136v-256h64zM512 854c188 0 342-154 342-342s-154-342-342-342-342 154-342 342 154 342 342 342zM512 86c236 0 426 190 426 426s-190 426-426 426-426-190-426-426 190-426 426-426z"
        ],
        "attrs": [],
        "isMulticolor": false,
        "isMulticolor2": false,
        "tags": [
          "schedule"
        ],
        "defaultCode": 59573,
        "grid": 24
      },
      "attrs": [],
      "properties": {
        "order": 6,
        "ligatures": "access_time, query_builder, schedule",
        "id": 4,
        "prevSize": 24,
        "code": 59573,
        "name": "schedule"
      },
      "setIdx": 0,
      "setId": 0,
      "iconIdx": 4
    },
    {
      "icon": {
        "paths": [
          "M450 620l210-212 46 46-256 256-136-136 44-44zM512 854c166 0 298-134 298-300s-132-298-298-298-298 132-298 298 132 300 298 300zM512 170c212 0 384 172 384 384s-172 384-384 384-384-172-384-384 172-384 384-384zM336 144l-196 164-54-64 196-164zM938 244l-54 66-196-166 54-64z"
        ],
        "attrs": [],
        "isMulticolor": false,
        "isMulticolor2": false,
        "tags": [
          "alarm_on"
        ],
        "defaultCode": 59480,
        "grid": 24
      },
      "attrs": [],
      "properties": {
        "order": 3,
        "ligatures": "alarm_on",
        "id": 37,
        "prevSize": 24,
        "code": 59480,
        "name": "alarm_on"
      },
      "setIdx": 0,
      "setId": 0,
      "iconIdx": 37
    },
    {
      "icon": {
        "paths": [
          "M800 330c34 52 54 116 54 182 0 188-154 342-342 342v128l-170-172 170-170v128c142 0 256-114 256-256 0-44-12-84-30-120zM512 256c-142 0-256 114-256 256 0 44 10 84 30 120l-62 62c-34-52-54-116-54-182 0-188 154-342 342-342v-128l170 172-170 170v-128z"
        ],
        "attrs": [],
        "isMulticolor": false,
        "isMulticolor2": false,
        "tags": [
          "autorenew"
        ],
        "defaultCode": 59491,
        "grid": 24
      },
      "attrs": [],
      "properties": {
        "order": 9,
        "ligatures": "autorenew",
        "id": 67,
        "prevSize": 24,
        "code": 59491,
        "name": "autorenew"
      },
      "setIdx": 0,
      "setId": 0,
      "iconIdx": 67
    },
    {
      "icon": {
        "paths": [
          "M810 170v86h-596v-86h148l44-42h212l44 42h148zM256 810v-512h512v512c0 46-40 86-86 86h-340c-46 0-86-40-86-86z"
        ],
        "attrs": [],
        "isMulticolor": false,
        "isMulticolor2": false,
        "tags": [
          "delete"
        ],
        "defaultCode": 59506,
        "grid": 24
      },
      "attrs": [],
      "properties": {
        "order": 5,
        "ligatures": "delete",
        "id": 202,
        "prevSize": 24,
        "code": 59506,
        "name": "delete"
      },
      "setIdx": 0,
      "setId": 0,
      "iconIdx": 202
    },
    {
      "icon": {
        "paths": [
          "M554 384h236l-236-234v234zM682 682v-84h-128v-128h-84v128h-128v84h128v128h84v-128h128zM598 86l256 256v512c0 46-40 84-86 84h-512c-46 0-86-38-86-84l2-684c0-46 38-84 84-84h342z"
        ],
        "attrs": [],
        "isMulticolor": false,
        "isMulticolor2": false,
        "tags": [
          "note_add"
        ],
        "defaultCode": 59548,
        "grid": 24
      },
      "attrs": [],
      "properties": {
        "order": 7,
        "ligatures": "note_add",
        "id": 525,
        "prevSize": 24,
        "code": 59548,
        "name": "note_add"
      },
      "setIdx": 0,
      "setId": 0,
      "iconIdx": 525
    },
    {
      "icon": {
        "paths": [
          "M86 896v-298l640-86-640-86v-298l896 384z"
        ],
        "attrs": [],
        "isMulticolor": false,
        "isMulticolor2": false,
        "tags": [
          "send"
        ],
        "defaultCode": 57699,
        "grid": 24
      },
      "attrs": [],
      "properties": {
        "order": 8,
        "ligatures": "send",
        "id": 658,
        "prevSize": 24,
        "code": 57699,
        "name": "send"
      },
      "setIdx": 0,
      "setId": 0,
      "iconIdx": 658
    }
  ],
  "height": 1024,
  "metadata": {
    "name": "icomoon"
  },
  "preferences": {
    "showGlyphs": true,
    "showCodes": true,
    "showQuickUse": true,
    "showQuickUse2": true,
    "showSVGs": true,
    "fontPref": {
      "prefix": "icon-",
      "metadata": {
        "fontFamily": "icomoon"
      },
      "metrics": {
        "emSize": 1024,
        "baseline": 6.25,
        "whitespace": 50
      },
      "embed": false
    },
    "imagePref": {
      "prefix": "icon-",
      "png": true,
      "useClassSelector": true,
      "color": 0,
      "bgColor": 16777215
    },
    "historySize": 100
  }
}